{
    "knight_start": [25, 290],
    "key_locations": {
        "castle": [181, 401],
        "tar_pit": [444, 218],
        "tavern": [211, 214],
        "tree": [334, 116],
        "cave": [487, 41]
    },
    "obstacles": {
        "lake1": [[0,0], [222,0], [0,268]],
        "lake2": [[163,229], [80,266], [41,340], [67,372], [125,352], [163,285], [184,259]],
        "lake3": [[605,266], [322,345], [252,427], [252,452], [607,454]],
        "forest1": [[222,146], [245,121], [269,131], [268,158], [255,168], [268,194], [299,193], [303,233], [259,231], [233,193]],
        "forest2":[[255,6], [370,6], [380,67], [329,55], [252,59]],
        "mountain1": [[377,147], [404,114], [460,139], [541,98], [567,166], [520,197], [450,167],[383,197]],
        "mountain2": [[282,268], [315,248], [359,251], [387,275], [391,299], [341,283], [279,312]]
    }
}
